{
  "dashboard": {
    "title": "Fleet Accident Reporter - Production Dashboard",
    "tags": ["production", "monitoring"],
    "timezone": "browser",
    "panels": [
      {
        "id": 1,
        "title": "Request Rate",
        "type": "graph",
        "targets": [
          {
            "expr": "rate(http_requests_total[5m])",
            "legendFormat": "{{method}} {{path}}"
          }
        ]
      },
      {
        "id": 2,
        "title": "Response Time (p95)",
        "type": "graph",
        "targets": [
          {
            "expr": "histogram_quantile(0.95, rate(http_request_duration_seconds_bucket[5m]))",
            "legendFormat": "95th percentile"
          }
        ]
      },
      {
        "id": 3,
        "title": "Error Rate",
        "type": "graph",
        "targets": [
          {
            "expr": "rate(http_requests_total{status=~\"5..\"}[5m])",
            "legendFormat": "5xx errors"
          },
          {
            "expr": "rate(http_requests_total{status=~\"4..\"}[5m])",
            "legendFormat": "4xx errors"
          }
        ]
      },
      {
        "id": 4,
        "title": "CPU Usage",
        "type": "graph",
        "targets": [
          {
            "expr": "100 - (avg(irate(node_cpu_seconds_total{mode=\"idle\"}[5m])) * 100)",
            "legendFormat": "CPU %"
          }
        ]
      },
      {
        "id": 5,
        "title": "Memory Usage",
        "type": "graph",
        "targets": [
          {
            "expr": "(node_memory_MemTotal_bytes - node_memory_MemAvailable_bytes) / node_memory_MemTotal_bytes * 100",
            "legendFormat": "Memory %"
          }
        ]
      },
      {
        "id": 6,
        "title": "Database Connections",
        "type": "graph",
        "targets": [
          {
            "expr": "pg_stat_database_numbackends",
            "legendFormat": "Active connections"
          }
        ]
      },
      {
        "id": 7,
        "title": "Active Users",
        "type": "stat",
        "targets": [
          {
            "expr": "count(count by (user_id) (http_requests_total[5m]))",
            "legendFormat": "Active users"
          }
        ]
      },
      {
        "id": 8,
        "title": "Uptime",
        "type": "stat",
        "targets": [
          {
            "expr": "time() - process_start_time_seconds",
            "legendFormat": "Uptime (seconds)"
          }
        ]
      }
    ],
    "refresh": "30s",
    "time": {
      "from": "now-6h",
      "to": "now"
    }
  }
}
